{"flutter":{"platforms":{"android":{"default":{"projectId":"foodboxd-b003c","appId":"1:431746411214:android:83cb124711249b01cffe9f","fileOutput":"android/app/google-services.json"}},"dart":{"lib/firebase_options.dart":{"projectId":"foodboxd-b003c","configurations":{"android":"1:431746411214:android:83cb124711249b01cffe9f","ios":"1:431746411214:ios:efb24f57a02ed69bcffe9f","macos":"1:431746411214:ios:c8f970659640e1e5cffe9f","web":"1:431746411214:web:a0ba46b434bf2993cffe9f","windows":"1:431746411214:web:7e7f56f3693fb391cffe9f"}}}}}}