{
  "project_info": {
    "project_number": "431746411214",
    "project_id": "foodboxd-b003c",
    "storage_bucket": "foodboxd-b003c.firebasestorage.app"
  },
  "client": [
    {
      "client_info": {
        "mobilesdk_app_id": "1:431746411214:android:83cb124711249b01cffe9f",
        "android_client_info": {
          "package_name": "com.foodboxd.foodboxd"
        }
      },
      "oauth_client": [],
      "api_key": [
        {
          "current_key": "AIzaSyA6iyVx-g470qryUwoX047fGCAr2qRjl8s"
        }
      ],
      "services": {
        "appinvite_service": {
          "other_platform_oauth_client": []
        }
      }
    }
  ],
  "configuration_version": "1"
}